"Order Number","Order Type","Asset Type","Fiat Type","Total Price","Price","Quantity","Exchange rate","Fee Amount","Fee Rate","Couterparty","Status","Created Time"
"20587849368043175936","Sell","USDT","EUR","20.0000000000000000","0.9350000000000000","21.3900000000000000","0.93","0.00000000","0.00000000","","Cancelled","2024-02-05 15:50:15"
"20587849462347509760","Sell","USDT","EUR","215.0000000000000000","0.9350000000000000","229.9400000000000000","0.93","0.00000000","0.00000000","","Cancelled","2024-02-05 15:50:37"
"20587853195502116864","Sell","USDT","EUR","10.0000000000000000","0.9350000000000000","10.6900000000000000","0.93","0.00000000","0.00000000","","Cancelled","2024-02-05 16:05:27"
"20587853536838713344","Sell","USDT","EUR","50.0000000000000000","0.9350000000000000","53.4700000000000000","0.93","0.00000000","0.00000000","","Cancelled","2024-02-05 16:06:49"
"20587853840325165056","Sell","USDT","EUR","21.0000000000000000","0.9340000000000000","22.4800000000000000","0.93","0.00000000","0.00000000","tugarchik2256","Completed","2024-02-05 16:08:01"
"20587855326315737088","Sell","USDT","EUR","25.0000000000000000","0.9340000000000000","26.7600000000000000","0.93","0.00000000","0.00000000","muhab","Completed","2024-02-05 16:13:55"
"20587858513228627968","Sell","USDT","EUR","41.4000000000000000","0.9350000000000000","44.2700000000000000","0.93","0.00000000","0.00000000","forceTrade24","Cancelled","2024-02-05 16:26:35"
"20587860110378213376","Sell","USDT","EUR","224.9200000000000000","0.9340000000000000","240.8100000000000000","0.93","0.00000000","0.00000000","","System cancelled","2024-02-05 16:32:56"
"20587860165956354048","Sell","USDT","EUR","100.0000000000000000","0.9340000000000000","107.0600000000000000","0.93","0.00000000","0.00000000","","System cancelled","2024-02-05 16:33:09"
"20587863723035217920","Sell","USDT","EUR","50.0000000000000000","0.9340000000000000","53.5300000000000000","0.93","0.00000000","0.00000000","","Completed","2024-02-05 16:47:17"
"20587865614135369728","Sell","USDT","EUR","75.0000000000000000","0.9340000000000000","80.2900000000000000","0.93","0.00000000","0.00000000","","Cancelled","2024-02-05 16:54:48"
"20587866362884280320","Sell","USDT","EUR","75.0000000000000000","0.9340000000000000","80.2900000000000000","0.93","0.00000000","0.00000000","","Cancelled","2024-02-05 16:57:47"
"20587866861936291840","Sell","USDT","EUR","10.0000000000000000","0.9340000000000000","10.7000000000000000","0.93","0.00000000","0.00000000","Mohammedelrubbat","System cancelled","2024-02-05 16:59:46"
"20587870839255437312","Sell","USDT","EUR","27.1400000000000000","0.9340000000000000","29.0500000000000000","0.93","0.00000000","0.00000000","tarek92gfx","Cancelled","2024-02-05 17:15:34"
"20587872235288829952","Sell","USDT","EUR","35.0000000000000000","0.9340000000000000","37.4700000000000000","0.93","0.00000000","0.00000000","","System cancelled","2024-02-05 17:21:07"
"20587875391334719488","Sell","USDT","EUR","299.0000000000000000","0.9330000000000000","320.4700000000000000","0.93","0.00000000","0.00000000","","Cancelled","2024-02-05 17:33:39"
"20587878814780178432","Sell","USDT","EUR","10.0000000000000000","0.9340000000000000","10.7000000000000000","0.93","0.00000000","0.00000000","","Cancelled","2024-02-05 17:47:15"
"20587879297870114816","Sell","USDT","EUR","200.0000000000000000","0.9340000000000000","214.1300000000000000","0.93","0.00000000","0.00000000","","System cancelled","2024-02-05 17:49:10"
"20587883492966981632","Sell","USDT","EUR","200.0000000000000000","0.9330000000000000","214.3600000000000000","0.93","0.00000000","0.00000000","","Completed","2024-02-05 18:05:51"
"20587885126358708224","Sell","USDT","EUR","22.0000000000000000","0.9330000000000000","23.5700000000000000","0.93","0.00000000","0.00000000","aminbelfort","Completed","2024-02-05 18:12:20"
"20588049076874682368","Sell","USDT","EUR","299.0000000000000000","0.9330000000000000","320.4700000000000000","0.93","0.00000000","0.00000000","moonlander","System cancelled","2024-02-06 05:03:49"
"20588054022700912640","Sell","USDT","EUR","10.0000000000000000","0.9330000000000000","10.7100000000000000","0.93","0.00000000","0.00000000","","System cancelled","2024-02-06 05:23:28"
"20588055436099510272","Sell","USDT","EUR","200.0000000000000000","0.9320000000000000","214.5900000000000000","0.93","0.00000000","0.00000000","Romacash","Completed","2024-02-06 05:29:05"
"20588109843872641024","Sell","USDT","EUR","10.0000000000000000","0.9440000000000000","10.5900000000000000","0.93","0.00000000","0.00000000","","Completed","2024-02-06 09:05:17"
"20588191917022158848","Sell","USDT","EUR","50.0000000000000000","0.9410000000000000","53.1300000000000000","0.93","0.00000000","0.00000000","veryveryFastpay","Cancelled","2024-02-06 14:31:25"
"20588196324452646912","Sell","USDT","EUR","15.5000000000000000","0.9400000000000000","16.4800000000000000","0.93","0.00000000","0.00000000","haresholmes","Completed","2024-02-06 14:48:56"
"20588199135340949504","Sell","USDT","EUR","10.3400000000000000","0.9400000000000000","11.0000000000000000","0.93","0.00000000","0.00000000","","System cancelled","2024-02-06 15:00:06"
"20588204913280335872","Sell","USDT","EUR","10.0000000000000000","0.9390000000000000","10.6400000000000000","0.93","0.00000000","0.00000000","","System cancelled","2024-02-06 15:23:03"
"20588208436041891840","Sell","USDT","EUR","165.0000000000000000","0.9370000000000000","176.0900000000000000","0.93","0.00000000","0.00000000","gyno_71","System cancelled","2024-02-06 15:37:03"
"20588213604449599488","Sell","USDT","EUR","165.0000000000000000","0.9370000000000000","176.0900000000000000","0.93","0.00000000","0.00000000","gyno_71","System cancelled","2024-02-06 15:57:35"
"20588213830670921728","Sell","USDT","EUR","50.0000000000000000","0.9370000000000000","53.3600000000000000","0.93","0.00000000","0.00000000","","Cancelled","2024-02-06 15:58:29"
"20588216465674416128","Sell","USDT","PLN","50.0000000000000000","4.0900000000000000","12.2200000000000000","4.05","0.01000000","0.00100000","","Completed","2024-02-06 16:08:58"
"20588219480447717376","Sell","USDT","EUR","100.0000000000000000","0.9370000000000000","106.7200000000000000","0.93","0.00000000","0.00000000","","Completed","2024-02-06 16:20:56"
"20588219821832257536","Sell","USDT","PLN","50.0000000000000000","4.0900000000000000","12.2200000000000000","4.05","0.01000000","0.00100000","","Completed","2024-02-06 16:22:18"
"20588221834143043584","Sell","USDT","EUR","50.0000000000000000","0.9360000000000000","53.4100000000000000","0.93","0.00000000","0.00000000","","System cancelled","2024-02-06 16:30:17"
"20588465594045771776","Sell","USDT","EUR","30.0000000000000000","0.9350000000000000","32.0800000000000000","0.93","0.00000000","0.00000000","Mikos32","Completed","2024-02-07 08:38:54"
"20588466747907190784","Sell","USDT","EUR","40.0000000000000000","0.9350000000000000","42.7800000000000000","0.93","0.00000000","0.00000000","","System cancelled","2024-02-07 08:43:30"
"20588468621746946048","Sell","USDT","EUR","71.0000000000000000","0.9350000000000000","75.9300000000000000","0.93","0.00000000","0.00000000","","System cancelled","2024-02-07 08:50:56"
"20588470580034117632","Sell","USDT","EUR","20.0000000000000000","0.9350000000000000","21.3900000000000000","0.93","0.00000000","0.00000000","","Completed","2024-02-07 08:58:43"
"20588471294479552512","Sell","USDT","EUR","71.0000000000000000","0.9350000000000000","75.9300000000000000","0.93","0.00000000","0.00000000","","Cancelled","2024-02-07 09:01:33"
"20588471680803348480","Sell","USDT","EUR","48.0000000000000000","0.9350000000000000","51.3300000000000000","0.93","0.00000000","0.00000000","DieNummer","Completed","2024-02-07 09:03:06"
"20588474666800775168","Sell","USDT","EUR","71.0000000000000000","0.9350000000000000","75.9300000000000000","0.93","0.00000000","0.00000000","","Completed","2024-02-07 09:14:58"
"20588479531955011584","Sell","USDT","EUR","100.0000000000000000","0.9350000000000000","106.9500000000000000","0.93","0.00000000","0.00000000","ALxdrElena","Cancelled","2024-02-07 09:34:17"
"20588480815253094400","Sell","USDT","EUR","50.0000000000000000","0.9350000000000000","53.4700000000000000","0.93","0.00000000","0.00000000","","Cancelled","2024-02-07 09:39:23"
"20588480937009541120","Sell","USDT","CZK","30000.0000000000000000","23.4000000000000000","1282.0500000000000000","23.18","0.00000000","0.00000000","AliBabaInEurope","Completed","2024-02-07 09:39:52"
"20588534779823513600","Sell","USDT","EUR","50.0000000000000000","0.9340000000000000","53.5300000000000000","0.93","0.00000000","0.00000000","","Cancelled","2024-02-07 13:13:50"
"20588536088117919744","Sell","USDT","EUR","10.0000000000000000","0.9340000000000000","10.7000000000000000","0.93","0.00000000","0.00000000","","Completed","2024-02-07 13:19:01"
"20588538079651598336","Sell","USDT","EUR","50.0000000000000000","0.9340000000000000","53.5300000000000000","0.93","0.00000000","0.00000000","","System cancelled","2024-02-07 13:26:56"
"20588541947965280256","Sell","USDT","EUR","20.0000000000000000","0.9360000000000000","21.3600000000000000","0.93","0.00000000","0.00000000","","Cancelled","2024-02-07 13:42:19"
"20588543306159169536","Sell","USDT","EUR","100.0000000000000000","0.9360000000000000","106.8300000000000000","0.93","0.00000000","0.00000000","","System cancelled","2024-02-07 13:47:42"
"20588544098208014336","Sell","USDT","EUR","19.8000000000000000","0.9360000000000000","21.1500000000000000","0.93","0.00000000","0.00000000","","System cancelled","2024-02-07 13:50:51"
"20588546977883267072","Sell","USDT","PLN","50.0000000000000000","4.0700000000000000","12.2800000000000000","4.04","0.01000000","0.00100000","","Completed","2024-02-07 14:02:18"
"20588548242455937024","Sell","USDT","EUR","10.0000000000000000","0.9360000000000000","10.6800000000000000","0.93","0.00000000","0.00000000","ALI-FAST-P2P","Cancelled","2024-02-07 14:07:19"
"20588549256978862080","Sell","USDT","EUR","10.0000000000000000","0.9360000000000000","10.6800000000000000","0.93","0.00000000","0.00000000","","Completed","2024-02-07 14:11:21"
"20588549658610806784","Sell","USDT","EUR","10.0000000000000000","0.9360000000000000","10.6800000000000000","0.93","0.00000000","0.00000000","hashi2244","Cancelled","2024-02-07 14:12:57"
"20588552616444358656","Sell","USDT","EUR","60.0000000000000000","0.9360000000000000","64.1000000000000000","0.93","0.00000000","0.00000000","","Completed","2024-02-07 14:24:42"
"20588556367299391488","Sell","USDT","EUR","197.0000000000000000","0.9370000000000000","210.2400000000000000","0.93","0.00000000","0.00000000","","Cancelled","2024-02-07 14:39:36"
"20588571223130624000","Sell","USDT","EUR","100.0000000000000000","0.9360000000000000","106.8300000000000000","0.93","0.00000000","0.00000000","","System cancelled","2024-02-07 15:38:38"
"20588575060897812480","Sell","USDT","EUR","10.0000000000000000","0.9360000000000000","10.6800000000000000","0.93","0.00000000","0.00000000","","Cancelled","2024-02-07 15:53:53"
"20588578491295637504","Sell","USDT","EUR","25.5000000000000000","0.9370000000000000","27.2100000000000000","0.93","0.00000000","0.00000000","","Completed","2024-02-07 16:07:31"
"20588579802182541312","Sell","USDT","EUR","200.0000000000000000","0.9370000000000000","213.4400000000000000","0.93","0.00000000","0.00000000","","Cancelled","2024-02-07 16:12:44"
"20588583242065178624","Sell","USDT","EUR","50.0000000000000000","0.9370000000000000","53.3600000000000000","0.93","0.00000000","0.00000000","","Completed","2024-02-07 16:26:24"
"20588583275366371328","Sell","USDT","EUR","10.0000000000000000","0.9370000000000000","10.6700000000000000","0.93","0.00000000","0.00000000","Amit","Cancelled","2024-02-07 16:26:32"
"20588585326878531584","Sell","USDT","EUR","35.0000000000000000","0.9370000000000000","37.3500000000000000","0.93","0.00000000","0.00000000","","Cancelled","2024-02-07 16:34:41"
"20588587504899985408","Sell","USDT","EUR","10.0000000000000000","0.9370000000000000","10.6700000000000000","0.93","0.00000000","0.00000000","dantesas","Completed","2024-02-07 16:43:20"
"20588587973491531776","Sell","USDT","EUR","284.0000000000000000","0.9370000000000000","303.0900000000000000","0.93","0.00000000","0.00000000","","Completed","2024-02-07 16:45:12"
"20588609083608371200","Sell","USDT","PLN","50.0000000000000000","4.0700000000000000","12.2800000000000000","4.03","0.01000000","0.00100000","","Cancelled","2024-02-07 18:09:05"
"20588617794989023232","Sell","USDT","PLN","50.0000000000000000","4.0700000000000000","12.2800000000000000","4.03","0.01000000","0.00100000","","Cancelled","2024-02-07 18:43:42"
"20588622981113368576","Sell","USDT","PLN","45.0000000000000000","4.0700000000000000","11.0500000000000000","4.03","0.01000000","0.00100000","","Completed","2024-02-07 19:04:18"
"20588623998989840384","Sell","USDT","PLN","50.0000000000000000","4.0700000000000000","12.2800000000000000","4.03","0.01000000","0.00100000","","Completed","2024-02-07 19:08:21"
"20588939563906977792","Buy","USDT","EUR","1747.2610000000000000","0.9340000000000000","1870.7300000000000000","0.93","0.00000000","0.00000000","","Cancelled","2024-02-08 16:02:18"
"20588971777953386496","Sell","USDT","EUR","100.0000000000000000","0.9350000000000000","106.9500000000000000","0.93","0.00000000","0.00000000","","System cancelled","2024-02-08 18:10:18"
"20588975013751087104","Sell","USDT","EUR","100.0000000000000000","0.9350000000000000","106.9500000000000000","0.93","0.00000000","0.00000000","s","Cancelled","2024-02-08 18:23:10"
"20588975433702887424","Sell","USDT","PLN","40.0000000000000000","4.0500000000000000","9.8700000000000000","4.01","0.00000000","0.00100000","","System cancelled","2024-02-08 18:24:50"
"20588976128829210624","Sell","USDT","EUR","15.0000000000000000","0.9350000000000000","16.0400000000000000","0.93","0.00000000","0.00000000","","Completed","2024-02-08 18:27:35"
"20588976519263383552","Sell","USDT","EUR","18.7000000000000000","0.9350000000000000","20.0000000000000000","0.93","0.00000000","0.00000000","","Cancelled","2024-02-08 18:29:08"
"20588984270871531520","Sell","USDT","PLN","50.0000000000000000","4.0500000000000000","12.3400000000000000","4.01","0.01000000","0.00100000","","Cancelled","2024-02-08 18:59:57"
"20588989500629041152","Sell","USDT","PLN","42.0000000000000000","4.0500000000000000","10.3700000000000000","4.01","0.01000000","0.00100000","","Cancelled","2024-02-08 19:20:43"
"20589328509307936768","Sell","USDT","PLN","40.0000000000000000","4.0700000000000000","9.8200000000000000","4.01","0.00000000","0.00100000","","System cancelled","2024-02-09 17:47:49"
"20589328925067915264","Sell","USDT","PLN","420.0000000000000000","4.0700000000000000","103.1900000000000000","4.01","0.10000000","0.00100000","lychzla","Cancelled","2024-02-09 17:49:29"
"20589329218815053824","Sell","USDT","PLN","2000.0000000000000000","4.0700000000000000","491.4000000000000000","4.01","0.49000000","0.00100000","akssel","Completed","2024-02-09 17:50:39"
"20589332885880422400","Sell","USDT","PLN","50.0000000000000000","4.0700000000000000","12.2800000000000000","4.01","0.01000000","0.00100000","","System cancelled","2024-02-09 18:05:13"
"20589333231386234880","Sell","USDT","PLN","300.0000000000000000","4.0700000000000000","73.7100000000000000","4.01","0.07000000","0.00100000","","Cancelled","2024-02-09 18:06:35"
"20589333926905966592","Sell","USDT","PLN","150.0000000000000000","4.0700000000000000","36.8500000000000000","4.01","0.03000000","0.00100000","","Cancelled","2024-02-09 18:09:21"
"20589334163145027584","Sell","USDT","PLN","500.0000000000000000","4.0700000000000000","122.8500000000000000","4.01","0.12000000","0.00100000","AlexBor","Cancelled","2024-02-09 18:10:17"
"20589337771765723136","Sell","USDT","PLN","100.0000000000000000","4.0700000000000000","24.5700000000000000","4.01","0.02000000","0.00100000","","Cancelled","2024-02-09 18:24:38"
"20589339394629103616","Sell","USDT","PLN","100.0000000000000000","4.0700000000000000","24.5700000000000000","4.01","0.02000000","0.00100000","","System cancelled","2024-02-09 18:31:05"
"20589340107016404992","Sell","USDT","PLN","90.0000000000000000","4.0700000000000000","22.1100000000000000","4.01","0.02000000","0.00100000","gulgdin","Completed","2024-02-09 18:33:55"
"20589340366934269952","Sell","USDT","PLN","513.2000000000000000","4.0700000000000000","126.0900000000000000","4.01","0.12000000","0.00100000","Tradewith_Swanzy","Completed","2024-02-09 18:34:57"
"20589351085881057280","Buy","USDT","CZK","929.2000000000000000","23.2300000000000000","40.0000000000000000","23.40","0.00000000","0.00000000","regbeaaa","Cancelled","2024-02-09 19:17:32"
"20589351575227125760","Sell","USDT","PLN","41.0000000000000000","4.0900000000000000","10.0200000000000000","4.01","0.01000000","0.00100000","","System cancelled","2024-02-09 19:19:29"
"20589370126796214272","Buy","USDT","CZK","10000.0000000000000000","23.2300000000000000","430.4700000000000000","23.40","0.00000000","0.00000000","andrey1680","Cancelled","2024-02-09 20:33:12"
"20589684723822796800","Buy","USDT","PLN","506.6100000000000000","4.0300000000000000","125.7000000000000000","4.01","0.12000000","0.00100000","","Cancelled","2024-02-10 17:23:18"
"20589697904853798912","Buy","USDT","PLN","52.3900000000000000","4.0300000000000000","13.0000000000000000","4.01","0.01000000","0.00100000","","Cancelled","2024-02-10 18:15:40"
"20589717800804306944","Buy","USDT","PLN","120.9000000000000000","4.0300000000000000","30.0000000000000000","4.01","0.03000000","0.00100000","KRUL","Cancelled","2024-02-10 19:34:44"
"20589996129687162880","Buy","USDT","CZK","12629.8700000000000000","23.3800000000000000","540.2000000000000000","23.38","0.00000000","0.00000000","fast_change_ever","Completed","2024-02-11 14:00:43"
"20590010849736310784","Buy","USDT","PLN","40.3000000000000000","4.0300000000000000","10.0000000000000000","4.01","0.01000000","0.00100000","","Completed","2024-02-11 14:59:12"
"20590012345632645120","Buy","USDT","PLN","403.0000000000000000","4.0300000000000000","100.0000000000000000","4.01","0.10000000","0.00100000","","Completed","2024-02-11 15:05:09"
"20590025994658050048","Buy","USDT","PLN","2000.0000000000000000","4.0300000000000000","496.2700000000000000","4.01","0.49000000","0.00100000","","Completed","2024-02-11 15:59:23"
"20590027673225826304","Buy","USDT","CZK","560.6400000000000000","23.3700000000000000","23.9900000000000000","23.38","0.00000000","0.00000000","","Cancelled","2024-02-11 16:06:03"
"20590034274562273280","Buy","USDT","CZK","2301.0100000000000000","23.3700000000000000","98.4600000000000000","23.38","0.00000000","0.00000000","Sarkazms","Completed","2024-02-11 16:32:17"
"20590050663900311552","Buy","USDT","PLN","370.7600000000000000","4.0300000000000000","92.0000000000000000","4.01","0.09000000","0.00100000","","Completed","2024-02-11 17:37:25"
"20590057571914035200","Buy","USDT","CZK","935.6000000000000000","23.3900000000000000","40.0000000000000000","23.39","0.00000000","0.00000000","ipaso","Completed","2024-02-11 18:04:52"
"20590062425898938368","Buy","USDT","CZK","11685.0000000000000000","23.3700000000000000","500.0000000000000000","23.38","0.00000000","0.00000000","-MooMoo-","Completed","2024-02-11 18:24:09"
"20590065424040353792","Buy","USDT","CZK","382.0900000000000000","23.3700000000000000","16.3500000000000000","23.37","0.00000000","0.00000000","_Khaber_","Completed","2024-02-11 18:36:04"
"20590075785046822912","Buy","USDT","PLN","493.1300000000000000","4.0200000000000000","122.6700000000000000","4.01","0.12000000","0.00100000","","Completed","2024-02-11 19:17:14"
"20590092605852123136","Buy","USDT","PLN","48.2300000000000000","4.0200000000000000","11.9900000000000000","4.01","0.01000000","0.00100000","","Cancelled","2024-02-11 20:24:04"
"20590771227708985344","Buy","USDT","PLN","203.0000000000000000","4.0600000000000000","50.0000000000000000","4.05","0.05000000","0.00100000","Xayt","Completed","2024-02-13 17:20:40"
"20590772286692270080","Buy","USDT","PLN","122.1000000000000000","4.0700000000000000","30.0000000000000000","4.05","0.03000000","0.00100000","","Cancelled","2024-02-13 17:24:53"
"20590773669933309952","Buy","USDT","EUR","3000.0000000000000000","0.9330000000000000","3215.4300000000000000","0.93","0.00000000","0.00000000","","Completed","2024-02-13 17:30:23"
"20590781987642150912","Buy","USDT","PLN","86.6400000000000000","4.0600000000000000","21.3400000000000000","4.04","0.02000000","0.00100000","","Completed","2024-02-13 18:03:26"
"20590782257030873088","Buy","USDT","PLN","2526.1300000000000000","4.0600000000000000","622.2000000000000000","4.04","0.62000000","0.00100000","Possession","Completed","2024-02-13 18:04:30"
"20591147858659995648","Buy","USDT","PLN","2020.0000000000000000","4.0400000000000000","500.0000000000000000","4.05","0.50000000","0.00100000","FsnPL","Completed","2024-02-14 18:17:16"
"20591157718172983296","Buy","USDT","PLN","141.4000000000000000","4.0400000000000000","35.0000000000000000","4.05","0.03000000","0.00100000","Michał","Cancelled","2024-02-14 18:56:27"
"20591449061482065920","Sell","USDT","EUR","200.0000000000000000","0.9370000000000000","213.4400000000000000","0.93","0.00000000","0.00000000","BestChannge","Completed","2024-02-15 14:14:08"
"20591449210463801344","Sell","USDT","EUR","87.0000000000000000","0.9370000000000000","92.8400000000000000","0.93","0.00000000","0.00000000","oscarjcp","Cancelled","2024-02-15 14:14:44"
"20591451551956709376","Sell","USDT","EUR","10.0000000000000000","0.9370000000000000","10.6700000000000000","0.93","0.00000000","0.00000000","","Cancelled","2024-02-15 14:24:02"
"20591452232860020736","Sell","USDT","EUR","15.0000000000000000","0.9370000000000000","16.0000000000000000","0.93","0.00000000","0.00000000","","System cancelled","2024-02-15 14:26:45"
"20591454262898655232","Sell","USDT","EUR","186.0000000000000000","0.9370000000000000","198.5000000000000000","0.93","0.00000000","0.00000000","","Cancelled","2024-02-15 14:34:49"
"20591456204164395008","Sell","USDT","EUR","43.0560000000000000","0.9360000000000000","46.0000000000000000","0.93","0.00000000","0.00000000","","Cancelled","2024-02-15 14:42:31"
"20591458958760615936","Sell","USDT","EUR","190.0000000000000000","0.9370000000000000","202.7700000000000000","0.93","0.00000000","0.00000000","Artemp2p7777","Completed","2024-02-15 14:53:28"
"20591460887918628864","Sell","USDT","EUR","10.0000000000000000","0.9370000000000000","10.6700000000000000","0.93","0.00000000","0.00000000","","System cancelled","2024-02-15 15:01:08"
"20591460991225737216","Sell","USDT","EUR","87.0000000000000000","0.9370000000000000","92.8400000000000000","0.93","0.00000000","0.00000000","oscarjcp","Completed","2024-02-15 15:01:33"
"20591464011616358400","Sell","USDT","EUR","10.0000000000000000","0.9360000000000000","10.6800000000000000","0.93","0.00000000","0.00000000","","Cancelled","2024-02-15 15:13:33"
"20591464068631552000","Sell","USDT","EUR","50.0000000000000000","0.9360000000000000","53.4100000000000000","0.93","0.00000000","0.00000000","","System cancelled","2024-02-15 15:13:46"
"20591466409938608128","Sell","USDT","EUR","10.0000000000000000","0.9360000000000000","10.6800000000000000","0.93","0.00000000","0.00000000","","Cancelled","2024-02-15 15:23:05"
"20591466467650686976","Sell","USDT","EUR","20.0000000000000000","0.9360000000000000","21.3600000000000000","0.93","0.00000000","0.00000000","","System cancelled","2024-02-15 15:23:18"
"20591471180475617280","Sell","USDT","EUR","10.0000000000000000","0.9360000000000000","10.6800000000000000","0.93","0.00000000","0.00000000","","Cancelled","2024-02-15 15:42:02"
"20591471188717367296","Sell","USDT","EUR","20.0000000000000000","0.9360000000000000","21.3600000000000000","0.93","0.00000000","0.00000000","","Cancelled","2024-02-15 15:42:04"
"20591471628537479168","Sell","USDT","EUR","20.0000000000000000","0.9370000000000000","21.3400000000000000","0.93","0.00000000","0.00000000","","System cancelled","2024-02-15 15:43:49"
"20591473933812994048","Buy","USDT","PLN","386.8800000000000000","4.0300000000000000","96.0000000000000000","4.03","0.09000000","0.00100000","","Completed","2024-02-15 15:52:59"
"20591474322759266304","Sell","USDT","EUR","80.0000000000000000","0.9370000000000000","85.3700000000000000","0.93","0.00000000","0.00000000","","Cancelled","2024-02-15 15:54:31"
"20591476413361643520","Sell","USDT","EUR","15.0000000000000000","0.9370000000000000","16.0000000000000000","0.93","0.00000000","0.00000000","","System cancelled","2024-02-15 16:02:50"
"20591476420245172224","Sell","USDT","EUR","10.4900000000000000","0.9370000000000000","11.1900000000000000","0.93","0.00000000","0.00000000","","Cancelled","2024-02-15 16:02:51"
"20591477330988859392","Sell","USDT","EUR","40.0000000000000000","0.9370000000000000","42.6800000000000000","0.93","0.00000000","0.00000000","","Cancelled","2024-02-15 16:06:28"
"20591477458259681280","Sell","USDT","EUR","10.4900000000000000","0.9370000000000000","11.1900000000000000","0.93","0.00000000","0.00000000","","Cancelled","2024-02-15 16:06:59"
"20591482455619338240","Sell","USDT","EUR","30.0000000000000000","0.9370000000000000","32.0100000000000000","0.93","0.00000000","0.00000000","","Completed","2024-02-15 16:26:50"
"20591483278912151552","Sell","USDT","EUR","15.0000000000000000","0.9370000000000000","16.0000000000000000","0.93","0.00000000","0.00000000","","Cancelled","2024-02-15 16:30:07"
"20591483393375784960","Sell","USDT","EUR","50.0000000000000000","0.9370000000000000","53.3600000000000000","0.93","0.00000000","0.00000000","yomenik233","Cancelled","2024-02-15 16:30:34"
"20591500789920436224","Buy","USDT","EUR","1000.0000000000000000","0.9290000000000000","1076.4200000000000000","0.93","0.00000000","0.00000000","","Completed","2024-02-15 17:39:42"
"20592205453089726464","Buy","USDT","EUR","1380.1210000000000000","0.9280000000000000","1487.2000000000000000","0.93","0.00000000","0.00000000","ialarrain","Completed","2024-02-17 16:19:46"
"20592560719131664384","Sell","USDT","EUR","93.6000000000000000","0.9360000000000000","100.0000000000000000","0.93","0.00000000","0.00000000","Manishan1","System cancelled","2024-02-18 15:51:28"
"20592561421509107712","Sell","USDT","EUR","20.0000000000000000","0.9360000000000000","21.3600000000000000","0.93","0.00000000","0.00000000","gatoebay1","System cancelled","2024-02-18 15:54:16"
"20592563554023297024","Sell","USDT","EUR","10.0000000000000000","0.9360000000000000","10.6800000000000000","0.93","0.00000000","0.00000000","","Cancelled","2024-02-18 16:02:44"
"20592568763118133248","Sell","USDT","EUR","10.0000000000000000","0.9360000000000000","10.6800000000000000","0.93","0.00000000","0.00000000","","Completed","2024-02-18 16:23:26"
"20592576431707213824","Sell","USDT","EUR","20.0000000000000000","0.9360000000000000","21.3600000000000000","0.93","0.00000000","0.00000000","","Cancelled","2024-02-18 16:53:54"
"20592576444286521344","Sell","USDT","EUR","55.0000000000000000","0.9360000000000000","58.7600000000000000","0.93","0.00000000","0.00000000","","Completed","2024-02-18 16:53:57"
"20592576776911671296","Sell","USDT","EUR","151.0000000000000000","0.9360000000000000","161.3200000000000000","0.93","0.00000000","0.00000000","DEGR","Completed","2024-02-18 16:55:17"
"20592582246621749248","Sell","USDT","EUR","20.0000000000000000","0.9360000000000000","21.3600000000000000","0.93","0.00000000","0.00000000","","Cancelled","2024-02-18 17:17:01"
"20592583312944386048","Sell","USDT","EUR","200.0000000000000000","0.9360000000000000","213.6700000000000000","0.93","0.00000000","0.00000000","","Cancelled","2024-02-18 17:21:15"
"20592587401797480448","Sell","USDT","EUR","20.0000000000000000","0.9360000000000000","21.3600000000000000","0.93","0.00000000","0.00000000","","System cancelled","2024-02-18 17:37:30"
"20592589664272613376","Sell","USDT","EUR","170.0000000000000000","0.9360000000000000","181.6200000000000000","0.93","0.00000000","0.00000000","","Completed","2024-02-18 17:46:29"
"20592590995233132544","Sell","USDT","EUR","28.9800000000000000","0.9360000000000000","30.9600000000000000","0.93","0.00000000","0.00000000","hulking_audius9497","System cancelled","2024-02-18 17:51:47"
"20592592195659550720","Sell","USDT","EUR","20.0000000000000000","0.9360000000000000","21.3600000000000000","0.93","0.00000000","0.00000000","","System cancelled","2024-02-18 17:56:33"
"20592592541489213440","Sell","USDT","EUR","10.0000000000000000","0.9360000000000000","10.6800000000000000","0.93","0.00000000","0.00000000","NOF1","Completed","2024-02-18 17:57:55"
"20592600520519921664","Sell","USDT","EUR","18.7200000000000000","0.9360000000000000","20.0000000000000000","0.93","0.00000000","0.00000000","","Completed","2024-02-18 18:29:38"
"20592601345705791488","Sell","USDT","EUR","20.0000000000000000","0.9360000000000000","21.3600000000000000","0.93","0.00000000","0.00000000","","Cancelled","2024-02-18 18:32:54"
"20592601825422671872","Sell","USDT","EUR","20.0000000000000000","0.9360000000000000","21.3600000000000000","0.93","0.00000000","0.00000000","Reinaldo2219","Cancelled","2024-02-18 18:34:49"
"20592604012092071936","Sell","USDT","EUR","50.0000000000000000","0.9360000000000000","53.4100000000000000","0.93","0.00000000","0.00000000","","System cancelled","2024-02-18 18:43:30"
"20592607818207608832","Sell","USDT","EUR","15.0000000000000000","0.9360000000000000","16.0200000000000000","0.93","0.00000000","0.00000000","","Cancelled","2024-02-18 18:58:38"
"20592608026883960832","Sell","USDT","EUR","10.0000000000000000","0.9360000000000000","10.6800000000000000","0.93","0.00000000","0.00000000","","Cancelled","2024-02-18 18:59:27"
"20592904685673193472","Sell","USDT","EUR","15.0000000000000000","0.9370000000000000","16.0000000000000000","0.93","0.00000000","0.00000000","","Completed","2024-02-19 14:38:16"
"20592905671333883904","Sell","USDT","EUR","100.0000000000000000","0.9370000000000000","106.7200000000000000","0.93","0.00000000","0.00000000","EasyTrade","Cancelled","2024-02-19 14:42:11"
"20592906219889971200","Sell","USDT","EUR","10.0000000000000000","0.9370000000000000","10.6700000000000000","0.93","0.00000000","0.00000000","","Cancelled","2024-02-19 14:44:22"
"20592906478533050368","Sell","USDT","EUR","50.0000000000000000","0.9370000000000000","53.3600000000000000","0.93","0.00000000","0.00000000","Angedur21","Completed","2024-02-19 14:45:24"
"20592906733617926144","Sell","USDT","EUR","80.0000000000000000","0.9370000000000000","85.3700000000000000","0.93","0.00000000","0.00000000","WalditoMB","Completed","2024-02-19 14:46:25"
"20592922760671846400","Buy","USDT","EUR","1033.6240000000000000","0.9280000000000000","1113.8200000000000000","0.93","0.00000000","0.00000000","","Cancelled","2024-02-19 15:50:06"
"20592938984122023936","Buy","USDT","EUR","1299.2000000000000000","0.9280000000000000","1400.0000000000000000","0.93","0.00000000","0.00000000","","Completed","2024-02-19 16:54:34"
"20592940716296863744","Buy","USDT","PLN","58.5800000000000000","4.0100000000000000","14.6100000000000000","4.02","0.01000000","0.00100000","","Completed","2024-02-19 17:01:27"
"20593011621591183360","Buy","USDT","EUR","1000.0000000000000000","0.9270000000000000","1078.7400000000000000","0.93","0.00000000","0.00000000","","System cancelled","2024-02-19 21:43:12"
"20593094681075572736","Buy","USDT","PLN","251.1000000000000000","4.0100000000000000","62.6200000000000000","4.02","0.06000000","0.00100000","MarkTorrs","Completed","2024-02-20 03:13:15"
"20593281135767293952","Sell","USDT","EUR","10.0000000000000000","0.9320000000000000","10.7200000000000000","0.92","0.00000000","0.00000000","","Cancelled","2024-02-20 15:34:09"
"20593281143662510080","Sell","USDT","EUR","22.9200000000000000","0.9320000000000000","24.5900000000000000","0.92","0.00000000","0.00000000","cdrmn","Completed","2024-02-20 15:34:11"
"20593281243965087744","Sell","USDT","EUR","10.0000000000000000","0.9320000000000000","10.7200000000000000","0.92","0.00000000","0.00000000","","System cancelled","2024-02-20 15:34:35"
"20593287643988176896","Sell","USDT","EUR","10.0000000000000000","0.9320000000000000","10.7200000000000000","0.92","0.00000000","0.00000000","","Cancelled","2024-02-20 16:00:01"
"20593287811353358336","Sell","USDT","EUR","50.0000000000000000","0.9320000000000000","53.6400000000000000","0.92","0.00000000","0.00000000","Maico1","Completed","2024-02-20 16:00:41"
"20593507041822715904","Sell","USDT","EUR","25.0000000000000000","0.9330000000000000","26.7900000000000000","0.92","0.00000000","0.00000000","jmsn","Completed","2024-02-21 06:31:49"
"20593507674011652096","Sell","USDT","EUR","100.0000000000000000","0.9330000000000000","107.1800000000000000","0.92","0.00000000","0.00000000","","Completed","2024-02-21 06:34:20"
"20593617866350788608","Sell","USDT","EUR","583.0000000000000000","0.9330000000000000","624.8600000000000000","0.93","0.00000000","0.00000000","","Cancelled","2024-02-21 13:52:12"
"20593620435738079232","Sell","USDT","EUR","583.0000000000000000","0.9330000000000000","624.8600000000000000","0.93","0.00000000","0.00000000","","Cancelled","2024-02-21 14:02:24"
"20593622316247461888","Sell","USDT","EUR","3500.0000000000000000","0.9330000000000000","3751.3300000000000000","0.92","0.00000000","0.00000000","","Cancelled","2024-02-21 14:09:53"
"20593634357230268416","Buy","USDT","EUR","1007.3720000000000000","0.9240000000000000","1090.2300000000000000","0.92","0.00000000","0.00000000","Minty","Completed","2024-02-21 14:57:44"
"20593664110199496704","Sell","USDT","EUR","289.0000000000000000","0.9320000000000000","310.0800000000000000","0.92","0.00000000","0.00000000","","Cancelled","2024-02-21 16:55:57"
"20593665788543791104","Sell","USDT","EUR","350.0000000000000000","0.9320000000000000","375.5300000000000000","0.92","0.00000000","0.00000000","","System cancelled","2024-02-21 17:02:37"
"20593666569379336192","Sell","USDT","EUR","289.0000000000000000","0.9320000000000000","310.0800000000000000","0.92","0.00000000","0.00000000","","Completed","2024-02-21 17:05:44"
"20593674044279750656","Sell","USDT","EUR","800.0000000000000000","0.9330000000000000","857.4400000000000000","0.93","0.00000000","0.00000000","","Completed","2024-02-21 17:35:26"
"20593674669641420800","Sell","USDT","EUR","400.0000000000000000","0.9330000000000000","428.7200000000000000","0.93","0.00000000","0.00000000","","Completed","2024-02-21 17:37:55"
"20593975027220901888","Buy","USDT","EUR","1000.0010000000000000","0.9220000000000000","1084.6000000000000000","0.92","0.00000000","0.00000000","","Cancelled","2024-02-22 13:31:26"
"20593985019369766912","Buy","USDT","EUR","1016.4000000000000000","0.9240000000000000","1100.0000000000000000","0.92","0.00000000","0.00000000","","Cancelled","2024-02-22 14:11:08"
"20593987347699261440","Buy","USDT","EUR","1016.4000000000000000","0.9240000000000000","1100.0000000000000000","0.92","0.00000000","0.00000000","","Completed","2024-02-22 14:20:23"
"20593999860891582464","Sell","USDT","EUR","200.0000000000000000","0.9330000000000000","214.3600000000000000","0.93","0.00000000","0.00000000","Jaurasaab2014","Cancelled","2024-02-22 15:10:06"
"20594002395870502912","Buy","USDT","EUR","1058.9040000000000000","0.9240000000000000","1146.0000000000000000","0.93","0.00000000","0.00000000","","Cancelled","2024-02-22 15:20:11"
"20594027208896946176","Sell","USDT","EUR","246.0000000000000000","0.9330000000000000","263.6600000000000000","0.92","0.00000000","0.00000000","","System cancelled","2024-02-22 16:58:47"
"20594028859627982848","Sell","USDT","EUR","109.0000000000000000","0.9320000000000000","116.9500000000000000","0.92","0.00000000","0.00000000","","System cancelled","2024-02-22 17:05:20"
"20594032223083618304","Sell","USDT","EUR","30.0000000000000000","0.9320000000000000","32.1800000000000000","0.92","0.00000000","0.00000000","yomenik233","System cancelled","2024-02-22 17:18:42"
"20594037305755291648","Sell","USDT","EUR","30.0000000000000000","0.9320000000000000","32.1800000000000000","0.92","0.00000000","0.00000000","","Cancelled","2024-02-22 17:38:54"
"20594037880706957312","Sell","USDT","EUR","100.0000000000000000","0.9320000000000000","107.2900000000000000","0.92","0.00000000","0.00000000","","Cancelled","2024-02-22 17:41:11"
"20594039036410126336","Sell","USDT","EUR","100.0000000000000000","0.9320000000000000","107.2900000000000000","0.92","0.00000000","0.00000000","","Cancelled","2024-02-22 17:45:47"
"20594042657403510784","Sell","USDT","EUR","50.0000000000000000","0.9320000000000000","53.6400000000000000","0.92","0.00000000","0.00000000","","Completed","2024-02-22 18:00:10"
"20594042840834703360","Sell","USDT","EUR","20.0000000000000000","0.9320000000000000","21.4500000000000000","0.92","0.00000000","0.00000000","","System cancelled","2024-02-22 18:00:54"
"20594044537264988160","Sell","USDT","EUR","68.0000000000000000","0.9320000000000000","72.9600000000000000","0.92","0.00000000","0.00000000","cheenasahb","Completed","2024-02-22 18:07:38"
"20594044783952744448","Sell","USDT","EUR","83.0000000000000000","0.9320000000000000","89.0500000000000000","0.92","0.00000000","0.00000000","Ariadh03","System cancelled","2024-02-22 18:08:37"
"20594048311616405504","Sell","USDT","EUR","24.0000000000000000","0.9320000000000000","25.7500000000000000","0.92","0.00000000","0.00000000","","System cancelled","2024-02-22 18:22:38"
"20594052019261362176","Sell","USDT","EUR","50.0000000000000000","0.9320000000000000","53.6400000000000000","0.92","0.00000000","0.00000000","","System cancelled","2024-02-22 18:37:22"
"20594052446684250112","Sell","USDT","EUR","50.0000000000000000","0.9320000000000000","53.6400000000000000","0.92","0.00000000","0.00000000","","Cancelled","2024-02-22 18:39:04"
"20594055719956348928","Sell","USDT","EUR","50.0000000000000000","0.9320000000000000","53.6400000000000000","0.92","0.00000000","0.00000000","","Cancelled","2024-02-22 18:52:04"
"20594060724298625024","Sell","USDT","EUR","20.0000000000000000","0.9320000000000000","21.4500000000000000","0.92","0.00000000","0.00000000","","System cancelled","2024-02-22 19:11:57"
"20594402150150619136","Buy","USDT","EUR","1200.3700000000000000","0.9230000000000000","1300.5100000000000000","0.92","0.00000000","0.00000000","","Cancelled","2024-02-23 17:48:40"
"20594430435262935040","Sell","USDT","PLN","700.0000000000000000","4.0500000000000000","172.8300000000000000","3.98","0.17000000","0.00100000","","Completed","2024-02-23 19:41:03"
"20594430724283232256","Sell","USDT","PLN","500.0000000000000000","4.0500000000000000","123.4500000000000000","3.98","0.12000000","0.00100000","","Cancelled","2024-02-23 19:42:12"
"20594431321904394240","Sell","USDT","PLN","311.8500000000000000","4.0500000000000000","77.0000000000000000","3.98","0.07000000","0.00100000","","Cancelled","2024-02-23 19:44:35"
"20594432410677735424","Sell","USDT","PLN","100.0000000000000000","4.0500000000000000","24.6900000000000000","3.98","0.02000000","0.00100000","","Cancelled","2024-02-23 19:48:54"
"20594433440799715328","Sell","USDT","PLN","100.0000000000000000","4.0500000000000000","24.6900000000000000","3.98","0.02000000","0.00100000","","Completed","2024-02-23 19:53:00"
"20594434423183093760","Sell","USDT","PLN","250.0000000000000000","4.0500000000000000","61.7200000000000000","3.98","0.06000000","0.00100000","","Cancelled","2024-02-23 19:56:54"
"20594436776199880704","Sell","USDT","PLN","200.0000000000000000","4.0500000000000000","49.3800000000000000","3.98","0.04000000","0.00100000","","Completed","2024-02-23 20:06:15"
"20594438139773349888","Sell","USDT","PLN","78.0000000000000000","4.0500000000000000","19.2500000000000000","3.98","0.01000000","0.00100000","","Cancelled","2024-02-23 20:11:40"
"20594438295055257600","Sell","USDT","PLN","78.0000000000000000","4.0500000000000000","19.2500000000000000","3.98","0.01000000","0.00100000","","System cancelled","2024-02-23 20:12:17"
"20594438568526585856","Sell","USDT","PLN","219.0000000000000000","4.0500000000000000","54.0700000000000000","3.98","0.05000000","0.00100000","","System cancelled","2024-02-23 20:13:22"
"20594442012009582592","Sell","USDT","PLN","130.0000000000000000","4.0500000000000000","32.0900000000000000","3.98","0.03000000","0.00100000","Dragon39","Cancelled","2024-02-23 20:27:03"
"20594442952127688704","Sell","USDT","PLN","500.0000000000000000","4.0500000000000000","123.4500000000000000","3.98","0.12000000","0.00100000","","Completed","2024-02-23 20:30:48"
"20594444547525226496","Sell","USDT","PLN","200.0000000000000000","4.0500000000000000","49.3800000000000000","3.98","0.04000000","0.00100000","","Cancelled","2024-02-23 20:37:08"
"20594447279701569536","Sell","USDT","PLN","40.0000000000000000","4.0500000000000000","9.8700000000000000","3.98","0.00000000","0.00100000","","Cancelled","2024-02-23 20:47:59"
"20594448597982621696","Sell","USDT","PLN","50.0000000000000000","4.0500000000000000","12.3400000000000000","3.98","0.01000000","0.00100000","","System cancelled","2024-02-23 20:53:14"
"20594449421386166272","Sell","USDT","PLN","200.0000000000000000","4.0500000000000000","49.3800000000000000","3.98","0.04000000","0.00100000","","Completed","2024-02-23 20:56:30"
"20594449844065501184","Sell","USDT","PLN","40.5000000000000000","4.0500000000000000","10.0000000000000000","3.98","0.01000000","0.00100000","","System cancelled","2024-02-23 20:58:11"
"20594451717586550784","Sell","USDT","PLN","100.0000000000000000","4.0500000000000000","24.6900000000000000","3.98","0.02000000","0.00100000","","Cancelled","2024-02-23 21:05:37"
"20594452093739913216","Sell","USDT","PLN","100.0000000000000000","4.0500000000000000","24.6900000000000000","3.98","0.02000000","0.00100000","","Cancelled","2024-02-23 21:07:07"
"20594452228608573440","Sell","USDT","PLN","200.0000000000000000","4.0500000000000000","49.3800000000000000","3.98","0.04000000","0.00100000","","Cancelled","2024-02-23 21:07:39"
"20594453211313065984","Sell","USDT","PLN","100.0000000000000000","4.0500000000000000","24.6900000000000000","3.98","0.02000000","0.00100000","","Cancelled","2024-02-23 21:11:34"
"20594456976277467136","Sell","USDT","PLN","250.0000000000000000","4.0500000000000000","61.7200000000000000","3.98","0.06000000","0.00100000","","System cancelled","2024-02-23 21:26:31"
"20594457067461660672","Sell","USDT","PLN","50.0000000000000000","4.0500000000000000","12.3400000000000000","3.98","0.01000000","0.00100000","","Cancelled","2024-02-23 21:26:53"
"20594457188696915968","Sell","USDT","PLN","53.0000000000000000","4.0500000000000000","13.0800000000000000","3.98","0.01000000","0.00100000","","Completed","2024-02-23 21:27:22"
"20594457348043001856","Sell","USDT","PLN","200.0000000000000000","4.0500000000000000","49.3800000000000000","3.98","0.04000000","0.00100000","","System cancelled","2024-02-23 21:28:00"
"20594458689020817408","Sell","USDT","PLN","50.0000000000000000","4.0500000000000000","12.3400000000000000","3.98","0.01000000","0.00100000","","Cancelled","2024-02-23 21:33:20"
"20594462746522480640","Sell","USDT","PLN","100.0000000000000000","4.0500000000000000","24.6900000000000000","3.98","0.02000000","0.00100000","","System cancelled","2024-02-23 21:49:27"
"20594463418872668160","Sell","USDT","PLN","290.0000000000000000","4.0500000000000000","71.6000000000000000","3.98","0.07000000","0.00100000","","Completed","2024-02-23 21:52:07"
"20594463483247120384","Sell","USDT","PLN","400.0000000000000000","4.0500000000000000","98.7600000000000000","3.98","0.09000000","0.00100000","","Completed","2024-02-23 21:52:23"
"20594632591341465600","Sell","USDT","PLN","800.0000000000000000","4.0500000000000000","197.5300000000000000","3.98","0.19000000","0.00100000","","Completed","2024-02-24 09:04:21"
"20594633744158502912","Sell","USDT","PLN","50.0000000000000000","4.0500000000000000","12.3400000000000000","3.98","0.01000000","0.00100000","Ivan21","System cancelled","2024-02-24 09:08:56"
"20594634058605170688","Sell","USDT","PLN","40.0000000000000000","4.0500000000000000","9.8700000000000000","3.98","0.00000000","0.00100000","","System cancelled","2024-02-24 09:10:11"
"20594634305388765184","Sell","USDT","PLN","800.0000000000000000","4.0500000000000000","197.5300000000000000","3.98","0.19000000","0.00100000","","Completed","2024-02-24 09:11:10"
"20594635031749390336","Sell","USDT","PLN","800.0000000000000000","4.0500000000000000","197.5300000000000000","3.98","0.19000000","0.00100000","","Completed","2024-02-24 09:14:03"
"20594635093180796928","Sell","USDT","EUR","1900.0000000000000000","0.9310000000000000","2040.8100000000000000","0.92","0.00000000","0.00000000","","Cancelled","2024-02-24 09:14:18"
"20594635897662812160","Sell","USDT","PLN","800.0000000000000000","4.0500000000000000","197.5300000000000000","3.98","0.19000000","0.00100000","","Completed","2024-02-24 09:17:29"
"20594636294554976256","Sell","USDT","PLN","210.0000000000000000","4.0500000000000000","51.8500000000000000","3.98","0.05000000","0.00100000","","Completed","2024-02-24 09:19:04"
"20594638123200532480","Sell","USDT","PLN","650.0000000000000000","4.0500000000000000","160.4900000000000000","3.98","0.16000000","0.00100000","","Completed","2024-02-24 09:26:20"
"20594639550057250816","Sell","USDT","PLN","44.5500000000000000","4.0500000000000000","11.0000000000000000","3.98","0.01000000","0.00100000","","Cancelled","2024-02-24 09:32:00"
"20594640537781338112","Sell","USDT","PLN","800.0000000000000000","4.0500000000000000","197.5300000000000000","3.98","0.19000000","0.00100000","","Cancelled","2024-02-24 09:35:56"
"20594640779812716544","Sell","USDT","PLN","800.0000000000000000","4.0500000000000000","197.5300000000000000","3.98","0.19000000","0.00100000","","Completed","2024-02-24 09:36:53"
"20594643516791889920","Sell","USDT","PLN","546.0000000000000000","4.0600000000000000","134.4800000000000000","3.98","0.13000000","0.00100000","","Completed","2024-02-24 09:47:46"
"20594644227743469568","Sell","USDT","PLN","400.0000000000000000","4.0600000000000000","98.5200000000000000","3.98","0.09000000","0.00100000","","Cancelled","2024-02-24 09:50:35"
"20594644680384053248","Sell","USDT","PLN","50.0000000000000000","4.0600000000000000","12.3100000000000000","3.98","0.01000000","0.00100000","SAFE-crypto-mallu","Completed","2024-02-24 09:52:23"
"20594646106016759808","Sell","USDT","PLN","100.0000000000000000","4.0600000000000000","24.6300000000000000","3.98","0.02000000","0.00100000","sonictrip1981","Completed","2024-02-24 09:58:03"
"20594714156183924736","Sell","USDT","PLN","50.0000000000000000","4.0500000000000000","12.3400000000000000","3.98","0.01000000","0.00100000","","Cancelled","2024-02-24 14:28:28"
"20594714869643780096","Sell","USDT","PLN","200.0000000000000000","4.0500000000000000","49.3800000000000000","3.98","0.04000000","0.00100000","","System cancelled","2024-02-24 14:31:18"
"20594715274602151936","Sell","USDT","PLN","93.8000000000000000","4.0600000000000000","23.1000000000000000","3.98","0.02000000","0.00100000","","System cancelled","2024-02-24 14:32:54"
"20594715337232138240","Sell","USDT","PLN","450.0000000000000000","4.0600000000000000","110.8300000000000000","3.98","0.11000000","0.00100000","","Completed","2024-02-24 14:33:09"
"20594718148382867456","Sell","USDT","PLN","100.0000000000000000","4.0600000000000000","24.6300000000000000","3.98","0.02000000","0.00100000","","Completed","2024-02-24 14:44:20"
"20594719064568471552","Sell","USDT","PLN","450.0000000000000000","4.0600000000000000","110.8300000000000000","3.98","0.11000000","0.00100000","","Cancelled","2024-02-24 14:47:58"
"20594721336031006720","Sell","USDT","PLN","550.0000000000000000","4.0600000000000000","135.4600000000000000","3.98","0.13000000","0.00100000","","Cancelled","2024-02-24 14:57:00"
"20594722065288949760","Sell","USDT","PLN","550.0000000000000000","4.0600000000000000","135.4600000000000000","3.98","0.13000000","0.00100000","","Completed","2024-02-24 14:59:53"
"20594725597613096960","Sell","USDT","PLN","40.0000000000000000","4.0600000000000000","9.8500000000000000","3.98","0.00000000","0.00100000","","Completed","2024-02-24 15:13:56"
"20594726641431281664","Sell","USDT","PLN","81.2000000000000000","4.0600000000000000","20.0000000000000000","3.98","0.02000000","0.00100000","","System cancelled","2024-02-24 15:18:04"
"20594727578636054528","Sell","USDT","PLN","600.0000000000000000","4.0600000000000000","147.7800000000000000","3.98","0.14000000","0.00100000","","Completed","2024-02-24 15:21:48"
"20594730561969496064","Sell","USDT","PLN","100.0000000000000000","4.0600000000000000","24.6300000000000000","3.98","0.02000000","0.00100000","","Cancelled","2024-02-24 15:33:39"
"20594730715558957056","Sell","USDT","PLN","150.0000000000000000","4.0600000000000000","36.9400000000000000","3.98","0.03000000","0.00100000","","Cancelled","2024-02-24 15:34:16"
"20594733258250862592","Sell","USDT","PLN","40.0000000000000000","4.0600000000000000","9.8500000000000000","3.98","0.00000000","0.00100000","","Cancelled","2024-02-24 15:44:22"
"20594733720485330944","Buy","USDT","EUR","3348.5240000000000000","0.9230000000000000","3627.8700000000000000","0.92","0.00000000","0.00000000","CryptoWulf10","Cancelled","2024-02-24 15:46:12"
"20594735545084649472","Buy","USDT","EUR","1000.0050000000000000","0.9230000000000000","1083.4300000000000000","0.92","0.00000000","0.00000000","","Cancelled","2024-02-24 15:53:27"
"20594738187855425536","Sell","USDT","PLN","350.0000000000000000","4.0600000000000000","86.2000000000000000","3.98","0.08000000","0.00100000","","Cancelled","2024-02-24 16:03:57"
"20594743856453054464","Sell","USDT","PLN","50.0000000000000000","4.0600000000000000","12.3100000000000000","3.98","0.01000000","0.00100000","","Cancelled","2024-02-24 16:26:29"
"20594744733010685952","Sell","USDT","PLN","50.0000000000000000","4.0600000000000000","12.3100000000000000","3.98","0.01000000","0.00100000","","Completed","2024-02-24 16:29:58"
"20594746535803809792","Sell","USDT","PLN","50.0000000000000000","4.0600000000000000","12.3100000000000000","3.98","0.01000000","0.00100000","","Cancelled","2024-02-24 16:37:08"
"20594747230485020672","Sell","USDT","PLN","800.0000000000000000","4.0600000000000000","197.0400000000000000","3.98","0.19000000","0.00100000","","System cancelled","2024-02-24 16:39:53"
"20594749575982649344","Sell","USDT","PLN","300.0000000000000000","4.0600000000000000","73.8900000000000000","3.98","0.07000000","0.00100000","","Cancelled","2024-02-24 16:49:12"
"20594751724636008448","Buy","USDT","PLN","50.8100000000000000","3.9700000000000000","12.8000000000000000","3.98","0.01000000","0.00100000","AlwaysOnline24h","Completed","2024-02-24 16:57:45"
"20594755032980832256","Sell","USDT","PLN","320.0000000000000000","4.0600000000000000","78.8100000000000000","3.98","0.07000000","0.00100000","-_-Patron-_-","Cancelled","2024-02-24 17:10:53"
"20594756749112549376","Sell","USDT","PLN","320.0000000000000000","4.0600000000000000","78.8100000000000000","3.98","0.07000000","0.00100000","-_-Patron-_-","Cancelled","2024-02-24 17:17:43"
"20594756909582708736","Sell","USDT","PLN","50.0000000000000000","4.0600000000000000","12.3100000000000000","3.98","0.01000000","0.00100000","","System cancelled","2024-02-24 17:18:21"
"20594757330405335040","Sell","USDT","PLN","40.0000000000000000","4.0600000000000000","9.8500000000000000","3.98","0.00000000","0.00100000","","System cancelled","2024-02-24 17:20:01"
"20594758498006777856","Sell","USDT","PLN","350.0000000000000000","4.0600000000000000","86.2000000000000000","3.98","0.08000000","0.00100000","","System cancelled","2024-02-24 17:24:40"
"20594763775851614208","Sell","USDT","PLN","40.0000000000000000","4.0600000000000000","9.8500000000000000","3.98","0.00000000","0.00100000","","Cancelled","2024-02-24 17:45:38"
"20594763850168045568","Sell","USDT","PLN","100.0000000000000000","4.0600000000000000","24.6300000000000000","3.98","0.02000000","0.00100000","","Cancelled","2024-02-24 17:45:56"
"20594764421801562112","Sell","USDT","PLN","41.0000000000000000","4.0600000000000000","10.0900000000000000","3.98","0.01000000","0.00100000","","System cancelled","2024-02-24 17:48:12"
"20594766047351468032","Sell","USDT","PLN","120.0000000000000000","4.0600000000000000","29.5500000000000000","3.98","0.02000000","0.00100000","Crymybro","Cancelled","2024-02-24 17:54:40"
"20594767662047539200","Sell","USDT","PLN","800.0000000000000000","4.0600000000000000","197.0400000000000000","3.98","0.19000000","0.00100000","","Completed","2024-02-24 18:01:04"
"20594770270134710272","Sell","USDT","PLN","90.0000000000000000","4.0600000000000000","22.1600000000000000","3.98","0.02000000","0.00100000","","Completed","2024-02-24 18:11:26"
"20594770932026814464","Sell","USDT","PLN","800.0000000000000000","4.0600000000000000","197.0400000000000000","3.98","0.19000000","0.00100000","","System cancelled","2024-02-24 18:14:04"
"20594771301002813440","Sell","USDT","PLN","100.0000000000000000","4.0600000000000000","24.6300000000000000","3.98","0.02000000","0.00100000","","System cancelled","2024-02-24 18:15:32"
"20594772182763556864","Sell","USDT","PLN","52.1000000000000000","4.0600000000000000","12.8300000000000000","3.98","0.01000000","0.00100000","alexxxx255","Completed","2024-02-24 18:19:02"
"20594779630032199680","Sell","USDT","PLN","90.0000000000000000","4.0600000000000000","22.1600000000000000","3.98","0.02000000","0.00100000","Kamil007","Completed","2024-02-24 18:48:38"
"20594780341967941632","Sell","USDT","PLN","412.0000000000000000","4.0600000000000000","101.4700000000000000","3.98","0.10000000","0.00100000","Davido_fff","Cancelled","2024-02-24 18:51:28"
"20594782128619810816","Sell","USDT","PLN","100.0000000000000000","4.0600000000000000","24.6300000000000000","3.98","0.02000000","0.00100000","","System cancelled","2024-02-24 18:58:34"
"20594785662778290176","Sell","USDT","PLN","200.0000000000000000","4.0600000000000000","49.2600000000000000","3.98","0.04000000","0.00100000","","System cancelled","2024-02-24 19:12:36"
"20594786932328300544","Sell","USDT","PLN","58.0000000000000000","4.0600000000000000","14.2800000000000000","3.98","0.01000000","0.00100000","grobel85","Cancelled","2024-02-24 19:17:39"
"20594787315948548096","Sell","USDT","PLN","700.0000000000000000","4.0600000000000000","172.4100000000000000","3.98","0.17000000","0.00100000","","Cancelled","2024-02-24 19:19:10"
"20594790283430555648","Sell","USDT","PLN","48.0000000000000000","4.0600000000000000","11.8200000000000000","3.98","0.01000000","0.00100000","","Cancelled","2024-02-24 19:30:58"
"20594791280139223040","Sell","USDT","PLN","50.0000000000000000","4.0600000000000000","12.3100000000000000","3.98","0.01000000","0.00100000","grobel85","Completed","2024-02-24 19:34:55"
"20594791748919119872","Sell","USDT","PLN","800.0000000000000000","4.0600000000000000","197.0400000000000000","3.98","0.19000000","0.00100000","","Completed","2024-02-24 19:36:47"
"20594793169663750144","Sell","USDT","PLN","800.0000000000000000","4.0600000000000000","197.0400000000000000","3.98","0.19000000","0.00100000","","Completed","2024-02-24 19:42:26"
"20594793806073569280","Sell","USDT","PLN","800.0000000000000000","4.0600000000000000","197.0400000000000000","3.98","0.19000000","0.00100000","","Completed","2024-02-24 19:44:58"
"20594796113161728000","Sell","USDT","PLN","800.0000000000000000","4.0600000000000000","197.0400000000000000","3.98","0.19000000","0.00100000","","Completed","2024-02-24 19:54:08"
"20594796640677457920","Sell","USDT","PLN","59.0000000000000000","4.0600000000000000","14.5300000000000000","3.98","0.01000000","0.00100000","","Completed","2024-02-24 19:56:14"
"20594798436707418112","Sell","USDT","PLN","100.0000000000000000","4.0600000000000000","24.6300000000000000","3.98","0.02000000","0.00100000","","System cancelled","2024-02-24 20:03:22"
"20594798595559178240","Sell","USDT","PLN","100.0000000000000000","4.0600000000000000","24.6300000000000000","3.98","0.02000000","0.00100000","","Cancelled","2024-02-24 20:04:00"
"20594799686625636352","Sell","USDT","PLN","50.0000000000000000","4.0600000000000000","12.3100000000000000","3.98","0.01000000","0.00100000","","Completed","2024-02-24 20:08:20"
"20594838095640199168","Buy","USDT","PLN","198.5000000000000000","3.9700000000000000","50.0000000000000000","3.98","0.05000000","0.00100000","","Cancelled","2024-02-24 22:40:57"
"20595102741475078144","Sell","USDT","PLN","40.0000000000000000","4.0700000000000000","9.8200000000000000","3.98","0.00000000","0.00100000","kingdyrkio","Completed","2024-02-25 16:12:34"
"20595107421005975552","Buy","USDT","EUR","1565.5280000000000000","0.9220000000000000","1697.9700000000000000","0.92","0.00000000","0.00000000","","Completed","2024-02-25 16:31:09"
"20595110390313484288","Sell","USDT","PLN","400.0000000000000000","4.0700000000000000","98.2800000000000000","3.98","0.09000000","0.00100000","","Completed","2024-02-25 16:42:57"
"20595118794120724480","Sell","USDT","PLN","630.0000000000000000","4.0600000000000000","155.1700000000000000","3.98","0.15000000","0.00100000","","Cancelled","2024-02-25 17:16:21"
"20595126852921942016","Sell","USDT","EUR","750.0000000000000000","0.9310000000000000","805.5800000000000000","0.92","0.00000000","0.00000000","","Completed","2024-02-25 17:48:22"
"20595135664852103168","Buy","USDT","EUR","2099.4280000000000000","0.9230000000000000","2274.5700000000000000","0.92","0.00000000","0.00000000","","Cancelled","2024-02-25 18:23:23"
"20595136603304722432","Sell","USDT","PLN","400.0000000000000000","4.0700000000000000","98.2800000000000000","3.99","0.09000000","0.00100000","","Completed","2024-02-25 18:27:07"
"20595147366285533184","Buy","USDT","EUR","1844.1540000000000000","0.9230000000000000","1998.0000000000000000","0.92","0.00000000","0.00000000","","Cancelled","2024-02-25 19:09:53"
"20595467625060929536","Buy","USDT","EUR","2763.0000000000000000","0.9210000000000000","3000.0000000000000000","0.92","0.00000000","0.00000000","","Cancelled","2024-02-26 16:22:29"
"20595472995022065664","Buy","USDT","EUR","2397.8140000000000000","0.9210000000000000","2603.4900000000000000","0.92","0.00000000","0.00000000","","Completed","2024-02-26 16:43:49"
"20595474244388302848","Sell","USDT","PLN","430.0000000000000000","4.0600000000000000","105.9100000000000000","3.97","0.10000000","0.00100000","","System cancelled","2024-02-26 16:48:47"
"20595474927850143744","Sell","USDT","EUR","250.0000000000000000","0.9290000000000000","269.1000000000000000","0.92","0.00000000","0.00000000","","Completed","2024-02-26 16:51:30"
"20595477066792001536","Sell","USDT","EUR","300.0000000000000000","0.9290000000000000","322.9200000000000000","0.92","0.00000000","0.00000000","","Completed","2024-02-26 17:00:00"
"20595480693538340864","Sell","USDT","EUR","200.0000000000000000","0.9290000000000000","215.2800000000000000","0.92","0.00000000","0.00000000","cheenasahb","Completed","2024-02-26 17:14:24"
"20595484650922000384","Sell","USDT","EUR","200.0000000000000000","0.9300000000000000","215.0500000000000000","0.92","0.00000000","0.00000000","","Completed","2024-02-26 17:30:08"
"20595488665094488064","Sell","USDT","PLN","450.0000000000000000","4.0600000000000000","110.8300000000000000","3.98","0.11000000","0.00100000","","Cancelled","2024-02-26 17:46:05"
"20595491485871427584","Buy","USDT","EUR","3610.3560000000000000","0.9210000000000000","3920.0400000000000000","0.92","0.00000000","0.00000000","","Completed","2024-02-26 17:57:18"
"20595501181776109568","Sell","USDT","PLN","400.0000000000000000","4.0600000000000000","98.5200000000000000","3.98","0.09000000","0.00100000","Neistavstvyu","Cancelled","2024-02-26 18:35:49"
"20595807707552202752","Buy","USDT","EUR","1411.1390000000000000","0.9220000000000000","1530.5200000000000000","0.92","0.00000000","0.00000000","hsajid","Cancelled","2024-02-27 14:53:51"
"20595813300637859840","Buy","USDT","EUR","2937.8420000000000000","0.9220000000000000","3186.3800000000000000","0.92","0.00000000","0.00000000","Ugomalay1","Cancelled","2024-02-27 15:16:04"
"20595816501026742272","Buy","USDT","EUR","1106.4000000000000000","0.9220000000000000","1200.0000000000000000","0.92","0.00000000","0.00000000","","Completed","2024-02-27 15:28:47"
"20595841584770625536","Buy","USDT","EUR","1842.0000000000000000","0.9210000000000000","2000.0000000000000000","0.92","0.00000000","0.00000000","Investor","Cancelled","2024-02-27 17:08:28"
"20595865614741966848","Buy","USDT","EUR","1013.1000000000000000","0.9210000000000000","1100.0000000000000000","0.92","0.00000000","0.00000000","Chaterer","Cancelled","2024-02-27 18:43:57"
"20595866809159315456","Buy","USDT","EUR","2764.1600000000000000","0.9210000000000000","3001.2600000000000000","0.92","0.00000000","0.00000000","Tilus","Cancelled","2024-02-27 18:48:42"
"20595882110693199872","Buy","USDT","EUR","1014.2000000000000000","0.9220000000000000","1100.0000000000000000","0.92","0.00000000","0.00000000","Chaterer","Cancelled","2024-02-27 19:49:30"
"20596170692448145408","Sell","USDT","EUR","2000.0000000000000000","0.9310000000000000","2148.2200000000000000","0.92","0.00000000","0.00000000","","Cancelled","2024-02-28 14:56:13"
"20596184942592602112","Sell","USDT","EUR","260.0000000000000000","0.9310000000000000","279.2600000000000000","0.92","0.00000000","0.00000000","wilson217","Cancelled","2024-02-28 15:52:50"
"20596185613867327488","Sell","USDT","EUR","200.0000000000000000","0.9310000000000000","214.8200000000000000","0.92","0.00000000","0.00000000","","Cancelled","2024-02-28 15:55:31"
"20596185785817387008","Sell","USDT","EUR","100.0000000000000000","0.9310000000000000","107.4100000000000000","0.92","0.00000000","0.00000000","","Completed","2024-02-28 15:56:12"
"20596186917575909376","Sell","USDT","EUR","100.0000000000000000","0.9310000000000000","107.4100000000000000","0.92","0.00000000","0.00000000","","Cancelled","2024-02-28 16:00:41"
"20596186933792153600","Sell","USDT","EUR","100.0000000000000000","0.9310000000000000","107.4100000000000000","0.92","0.00000000","0.00000000","","Cancelled","2024-02-28 16:00:45"
"20596187612066512896","Sell","USDT","PLN","1000.0000000000000000","4.0700000000000000","245.7000000000000000","3.99","0.24000000","0.00100000","","Completed","2024-02-28 16:03:27"
"20596188395994570752","Buy","USDT","PLN","977.9200000000000000","3.9800000000000000","245.7100000000000000","3.99","0.24000000","0.00100000","","Cancelled","2024-02-28 16:06:34"
"20596189206896877568","Sell","USDT","EUR","300.0000000000000000","0.9310000000000000","322.2300000000000000","0.92","0.00000000","0.00000000","MohamadSoley","Cancelled","2024-02-28 16:09:47"
"20596189237072658432","Sell","USDT","EUR","100.0000000000000000","0.9310000000000000","107.4100000000000000","0.92","0.00000000","0.00000000","","Completed","2024-02-28 16:09:54"
"20596191036165832704","Sell","USDT","EUR","900.0000000000000000","0.9310000000000000","966.7000000000000000","0.92","0.00000000","0.00000000","","System cancelled","2024-02-28 16:17:03"
"20596191317415710720","Sell","USDT","EUR","300.0000000000000000","0.9310000000000000","322.2300000000000000","0.92","0.00000000","0.00000000","nsik brown","System cancelled","2024-02-28 16:18:10"
"20596191449971703808","Buy","USDT","EUR","2397.2000000000000000","0.9220000000000000","2600.0000000000000000","0.92","0.00000000","0.00000000","","Completed","2024-02-28 16:18:42"
"20596192746085355520","Buy","USDT","EUR","1014.2000000000000000","0.9220000000000000","1100.0000000000000000","0.92","0.00000000","0.00000000","","Completed","2024-02-28 16:23:51"
"20596195594927292416","Sell","USDT","EUR","420.0000000000000000","0.9310000000000000","451.1200000000000000","0.92","0.00000000","0.00000000","","Completed","2024-02-28 16:35:10"
"20596205874351484928","Sell","USDT","EUR","100.0000000000000000","0.9300000000000000","107.5200000000000000","0.92","0.00000000","0.00000000","","Cancelled","2024-02-28 17:16:01"
"20596225900436029440","Buy","USDT","EUR","1087.9230000000000000","0.9220000000000000","1179.9500000000000000","0.92","0.00000000","0.00000000","","Completed","2024-02-28 18:35:36"
"20596227476864638976","Sell","USDT","PLN","1000.0000000000000000","4.0700000000000000","245.7000000000000000","3.99","0.24000000","0.00100000","","Cancelled","2024-02-28 18:41:51"
"20596233060212154368","Sell","USDT","PLN","400.0000000000000000","4.0700000000000000","98.2800000000000000","3.99","0.09000000","0.00100000","","System cancelled","2024-02-28 19:04:03"
"20596567870865362944","Sell","USDT","EUR","150.0000000000000000","0.9330000000000000","160.7700000000000000","0.93","0.00000000","0.00000000","","System cancelled","2024-02-29 17:14:28"
"20596569906020954112","Buy","USDT","EUR","4625.0000000000000000","0.9250000000000000","5000.0000000000000000","0.93","0.00000000","0.00000000","","Completed","2024-02-29 17:22:33"
"20596579416701730816","Sell","USDT","EUR","140.0000000000000000","0.9340000000000000","149.8900000000000000","0.93","0.00000000","0.00000000","FranciscoJRJ","Cancelled","2024-02-29 18:00:20"
"20596580555780104192","Sell","USDT","EUR","130.0000000000000000","0.9340000000000000","139.1800000000000000","0.93","0.00000000","0.00000000","","Paid","2024-02-29 18:04:52"
"20596582628982423552","Sell","USDT","EUR","350.0000000000000000","0.9340000000000000","374.7300000000000000","0.93","0.00000000","0.00000000","Obargzumso","Cancelled","2024-02-29 18:13:06"
"20596584389431218176","Sell","USDT","EUR","100.0000000000000000","0.9340000000000000","107.0600000000000000","0.93","0.00000000","0.00000000","","Paid","2024-02-29 18:20:06"
"20596589760420286464","Sell","USDT","EUR","100.0000000000000000","0.9330000000000000","107.1800000000000000","0.93","0.00000000","0.00000000","","Paid","2024-02-29 18:41:27"
"20596597749924278272","Sell","USDT","PLN","1500.0000000000000000","4.0800000000000000","367.6400000000000000","4.00","0.36000000","0.00100000","","Cancelled","2024-02-29 19:13:11"
"20596599872010059776","Sell","USDT","PLN","1300.0000000000000000","4.0800000000000000","318.6200000000000000","3.99","0.31000000","0.00100000","","Cancelled","2024-02-29 19:21:37"
"20596600131121025024","Sell","USDT","PLN","400.0000000000000000","4.0800000000000000","98.0300000000000000","4.00","0.09000000","0.00100000","","Completed","2024-02-29 19:22:39"
"20596602166409908224","Sell","USDT","PLN","1500.0000000000000000","4.0800000000000000","367.6400000000000000","4.00","0.36000000","0.00100000","","Cancelled","2024-02-29 19:30:44"
"20596603552058392576","Sell","USDT","PLN","800.0000000000000000","4.0800000000000000","196.0700000000000000","4.00","0.19000000","0.00100000","","Completed","2024-02-29 19:36:15"
"20596607904871264256","Sell","USDT","EUR","500.0000000000000000","0.9330000000000000","535.9000000000000000","0.93","0.00000000","0.00000000","","Completed","2024-02-29 19:53:33"
"20596615135666184192","Sell","USDT","PLN","1020.0000000000000000","4.0800000000000000","250.0000000000000000","4.00","0.25000000","0.00100000","","System cancelled","2024-02-29 20:22:17"
